expense_id,user_id,amount,date,category_id,description
1,3,67.8,2025-05-26,4,Total religious final into station.
2,62,401.06,2024-11-19,6,Place budget successful report face.
3,23,203.31,2024-08-13,10,State interesting full.
4,62,141.48,2025-03-02,4,Care sit large now amount.
5,58,323.8,2024-12-04,9,Street minute imagine plan guy.
6,57,304.35,2025-01-07,6,If crime treat decide wide reduce.
7,72,235.31,2024-12-20,8,Growth stage catch may including.
8,25,273.57,2024-10-31,5,Century start very become.
9,9,209.24,2024-10-23,2,Group field give because set note benefit.
10,76,150.13,2024-09-15,1,Who audience before traditional state nothing staff.
11,9,271.9,2024-09-24,2,Usually next so significant large.
12,5,157.27,2024-12-13,3,Sometimes three style accept.
13,56,20.52,2025-05-13,4,Nearly rock suffer increase lawyer.
14,86,144.36,2025-05-29,4,Water ground machine write.
15,77,347.38,2025-01-23,8,Deep nearly economic avoid deal exactly.
16,13,238.47,2024-10-05,2,Strategy though since without those himself.
17,9,224.58,2024-11-06,8,Throw still them picture ahead.
18,74,177.06,2024-06-25,5,Easy adult across dinner.
19,100,290.45,2024-12-25,7,Tend left out language sound share yes build.
20,8,239.63,2024-07-19,3,Enter field cell.
21,7,122.41,2025-05-16,6,Woman series pressure feel lead.
22,42,407.15,2025-02-28,5,Majority shake painting industry then.
23,26,150.3,2024-10-16,6,Offer sense eight investment here.
24,16,311.59,2024-11-26,8,Follow season catch color contain want south discover.
25,76,264.83,2024-12-10,5,Receive money structure road church.
26,21,256.2,2024-10-19,10,Maybe act run little.
27,80,61.46,2024-12-24,7,Health someone listen section ahead.
28,2,47.97,2025-02-18,2,Night agree thought first.
29,59,29.79,2025-04-04,1,Congress want really be.
30,21,88.11,2025-01-22,6,Situation tough decide reason.
31,68,173.7,2025-02-27,3,Ready study part recently friend movie treatment.
32,55,52.66,2025-04-30,5,According occur claim boy indicate price plant sing.
33,90,365.63,2024-10-26,9,Arrive to since thought whether ten month.
34,72,200.56,2025-01-04,7,Decade drop necessary pressure.
35,63,197.1,2024-08-16,7,Whether success than play need your.
36,90,297.39,2025-02-05,7,At catch fear animal claim.
37,48,149.83,2025-06-11,8,Enough kitchen prove sea.
38,50,410.53,2025-03-11,10,Much pretty successful involve produce despite.
39,70,133.2,2024-07-04,3,Per name administration exist start recognize tax.
40,89,262.74,2025-02-11,4,Animal property within season you write note until.
41,13,436.23,2025-02-26,10,Worker wish campaign wrong resource seat action share.
42,48,220.0,2024-11-06,8,Campaign decide act road over.
43,27,349.95,2024-11-02,6,Newspaper he painting several economic material local.
44,48,79.74,2024-11-23,10,Camera plan war Mrs.
45,47,469.4,2024-11-19,4,Cause yeah begin machine especially approach action.
46,18,380.32,2024-11-13,2,Just truth far standard significant.
47,9,361.43,2024-11-03,9,Explain hope will here dream.
48,91,72.48,2024-09-12,10,Type benefit yes cultural generation then.
49,45,474.47,2024-10-01,2,Born doctor agent deal raise realize.
50,20,127.24,2025-05-03,9,Need subject whom maintain.
51,9,106.04,2025-01-25,6,Account sometimes land else blood.
52,79,345.66,2024-10-12,2,Few rather mission everything coach dream.
53,71,457.28,2024-08-10,8,Common full energy five guy.
54,43,63.45,2025-02-28,9,Green cup experience rule.
55,95,231.56,2025-05-02,9,Then cover cultural political anything sport lose.
56,88,59.78,2025-03-12,10,Night travel church Republican.
57,17,109.64,2024-10-29,7,Treatment why available property.
58,88,236.3,2025-05-17,3,Stop reveal animal card recognize matter exactly staff.
59,88,383.01,2025-02-12,4,Senior second save member reflect.
60,49,459.64,2025-05-03,9,Bar beat take left draw coach.
61,52,290.06,2024-07-12,8,Where sing stop.
62,56,404.06,2025-03-19,5,Firm give kid.
63,89,13.78,2025-01-27,5,Suggest enough join four.
64,86,357.58,2025-04-10,1,Full his record.
65,23,222.1,2024-08-14,6,Against want visit sense.
66,72,66.09,2025-04-30,3,Suffer generation fall single future cell.
67,73,301.14,2025-03-07,9,Sound fall public cold benefit remember.
68,74,16.93,2024-12-01,1,Face course clear coach it.
69,82,440.24,2025-06-08,6,Surface ten simple animal order hope let.
70,88,178.81,2024-10-24,4,Daughter religious within by.
71,4,361.92,2025-04-02,9,Teach order thank.
72,42,174.64,2024-10-03,1,What a half cold.
73,72,95.37,2025-05-14,2,Money fund speak determine specific spend.
74,24,138.12,2025-04-05,1,Campaign between around total.
75,35,36.48,2025-02-23,10,Score whether water them.
76,67,303.98,2025-02-10,4,Just main threat long such size.
77,2,61.68,2024-11-02,6,Meeting open wall most budget window.
78,27,333.2,2025-06-08,7,Him career head item just see.
79,23,271.76,2025-03-17,9,Option the fall suddenly perhaps believe effect.
80,54,297.59,2024-11-28,9,Growth light offer hotel head fly.
81,6,475.59,2025-03-12,2,Provide around these piece three discussion purpose.
82,83,22.66,2025-05-22,5,House simple up large ask knowledge less.
83,94,108.45,2025-01-20,3,Wish computer available window.
84,2,464.17,2025-02-28,5,Customer security anyone during drop technology physical set.
85,71,24.54,2025-05-31,10,Must role partner deal imagine parent computer.
86,62,337.84,2025-02-04,9,Perform another research unit least land perform.
87,53,160.89,2025-06-15,7,Get lead perhaps responsibility glass money attorney half.
88,71,53.37,2024-09-10,3,Assume watch drop matter role interesting.
89,79,431.14,2024-09-29,7,Shoulder quite avoid assume Democrat.
90,46,6.33,2025-01-29,3,Girl Mr along act space.
91,64,290.4,2025-02-17,8,Offer significant movie state water system.
92,88,59.7,2025-03-28,3,Live point but military appear member talk.
93,13,22.46,2024-12-02,3,Social instead billion reason everyone.
94,49,450.77,2024-10-30,6,Kitchen say fire foreign.
95,23,82.78,2025-01-25,3,Bad represent father force arrive any.
96,21,434.4,2024-09-24,9,Beat serve stay.
97,24,236.37,2024-11-29,4,Father hope actually loss positive bank.
98,69,239.52,2025-01-31,9,Too garden forward ground author election.
99,22,474.46,2024-07-09,4,Address stuff natural remember future.
100,96,10.22,2025-06-04,10,Question factor think trip trial course.
101,74,283.45,2025-04-25,8,Fish respond hand.
102,2,377.29,2024-10-04,7,Analysis reveal fast myself vote.
103,15,139.25,2024-12-28,9,Develop debate realize window on section.
104,27,180.01,2025-05-05,7,Coach music mind positive task future.
105,77,245.83,2025-03-20,4,Poor white off pretty TV.
106,25,431.57,2024-10-07,3,Pressure whether thought course size film indeed.
107,89,143.14,2025-04-02,7,Lay building heavy water commercial generation.
108,90,48.64,2025-02-19,6,Take debate decade business adult practice foot middle.
109,60,235.73,2024-09-12,3,Book purpose prevent mind organization who factor.
110,85,441.06,2025-05-14,1,Experience even summer table how.
111,21,336.27,2025-01-28,10,Accept world risk huge mention decade.
112,95,404.39,2024-11-13,6,Film open toward local.
113,97,464.72,2025-01-25,4,Land many industry center sport.
114,57,231.49,2024-08-21,6,Might whole stuff these wall kid serious.
115,53,343.27,2025-03-20,4,Almost the somebody especially.
116,45,290.09,2024-12-31,8,Officer bill identify court follow.
117,31,133.36,2025-03-03,3,Financial thank daughter trade.
118,65,73.78,2025-03-30,6,Prepare fill reflect half suffer ever.
119,2,289.88,2024-09-15,3,Central church member what always strategy.
120,19,439.63,2024-12-30,10,Ready check guy throw image fact.
121,69,113.69,2024-08-21,1,Wind life there situation prevent international strong.
122,27,85.28,2025-04-23,2,Improve there technology guy check still scene.
123,13,30.82,2024-12-23,4,Ten sea tax civil speech executive smile fund.
124,28,199.56,2024-11-14,10,Hit remember chance often.
125,39,77.58,2025-05-02,3,Message ever budget material show bit play.
126,72,439.65,2024-09-29,10,Card stage either inside current sound race.
127,82,415.26,2024-10-07,8,Factor coach store key rest which.
128,45,62.79,2025-05-27,2,From upon strategy late easy strategy.
129,15,235.72,2024-07-05,10,Ground bag reach push.
130,73,482.06,2025-01-20,3,Each final show century above bit sound.
131,11,244.28,2024-11-09,10,Box under many like.
132,42,230.89,2025-01-15,2,Common news knowledge occur piece.
133,66,446.35,2024-11-26,3,Whose us project religious.
134,55,105.57,2025-03-20,10,Particular word early.
135,83,25.77,2025-02-21,7,People win half to wide authority read.
136,27,473.93,2024-11-01,3,View better impact thing measure.
137,21,477.83,2024-12-15,10,Wrong that thought apply.
138,55,378.31,2025-03-23,4,Rate such big character early front should.
139,28,448.49,2025-04-18,3,Hair year writer cut compare son always what.
140,96,220.02,2025-03-04,7,Face television business.
141,1,122.76,2024-09-21,8,Site sit everything recently.
142,80,62.93,2024-11-30,9,Information sea fine necessary word language.
143,37,239.65,2025-01-19,2,Trouble less nice campaign.
144,2,125.58,2025-06-09,6,Weight according good suggest red.
145,49,452.8,2024-07-16,1,Be exist yes all.
146,59,397.31,2025-04-20,6,Letter seat development region.
147,2,470.42,2025-04-20,2,Baby cold heart reality reach over way.
148,17,397.05,2025-06-16,7,Occur recognize away truth bit worker whom.
149,83,310.17,2024-07-08,7,Natural ago speech high always bed year itself.
150,39,17.16,2025-05-13,10,Boy ahead institution statement.
151,75,167.85,2025-04-29,2,Cell tell street soldier dark.
152,4,253.99,2025-04-27,9,Past that control bit.
153,2,209.66,2024-08-10,1,Dream whether pretty budget already.
154,64,25.32,2025-02-03,10,Price under like worry side during many material.
155,93,394.14,2025-04-30,6,Anything process pick resource wall face.
156,21,418.9,2025-02-11,2,Purpose take offer they easy.
157,5,495.54,2024-09-23,3,Around design increase already worker exist young.
158,93,246.95,2025-03-03,4,News culture lawyer event low reflect.
159,62,385.59,2025-04-14,6,Present make member crime old work.
160,82,224.33,2024-08-29,7,Population computer true.
161,70,123.86,2025-01-02,5,Operation deep particular may.
162,81,360.89,2024-12-07,9,Series clear pick hear represent some together.
163,83,215.77,2025-05-08,10,Someone especially church quality compare scene across.
164,84,372.39,2024-06-28,10,Pass need speak relate apply prove.
165,74,269.69,2025-04-13,1,Simply prevent rise similar.
166,98,107.66,2025-02-01,5,Exactly until population how myself.
167,48,14.22,2025-03-09,6,Two light never best.
168,31,39.29,2025-05-06,4,News community red.
169,9,444.74,2025-04-17,2,The walk guy traditional fast.
170,50,334.99,2024-12-14,5,Between course truth low science.
171,76,451.41,2025-01-17,7,Center reach several claim.
172,88,417.13,2025-06-11,3,Write exactly ground mean.
173,51,78.14,2024-07-01,2,Police get form including control we.
174,84,180.24,2025-03-25,6,Suddenly management establish from bank.
175,15,260.59,2024-06-22,4,Learn skill money determine computer.
176,86,451.49,2025-05-16,1,Likely sort foreign until return.
177,73,376.92,2024-11-12,6,Then life career else tend.
178,52,185.74,2024-12-06,10,Local miss institution various call.
179,24,344.34,2024-10-12,10,Black then east short adult with.
180,26,127.36,2025-03-17,4,Structure story number public little his involve.
181,41,241.1,2025-04-25,5,Hear right right on.
182,8,138.74,2024-07-17,7,You by account.
183,24,80.0,2024-07-04,9,Skin work mission us military society lay girl.
184,71,310.35,2025-05-10,9,Fly successful improve city to help white.
185,67,475.56,2024-10-27,1,Congress think draw far news.
186,60,184.04,2024-07-18,1,Future continue imagine example summer.
187,56,86.6,2025-02-28,2,Sea maintain old during ago hear.
188,90,281.91,2025-03-03,5,Situation south key similar.
189,85,457.47,2025-04-15,9,Relationship over fine plant.
190,97,263.53,2025-01-16,3,Thing phone few authority management.
191,5,216.84,2024-06-30,5,Agent agreement either claim long measure property.
192,70,45.46,2024-10-09,2,Agent popular room central card.
193,9,351.55,2024-06-21,4,Food check good little treatment southern.
194,70,449.51,2025-04-20,10,Others miss number include.
195,25,246.81,2025-05-10,4,Meeting only fly fish soldier see go senior.
196,11,442.95,2025-01-18,2,That positive film item foreign full note.
197,50,275.04,2025-04-14,8,Race seven test thus natural maintain.
198,13,479.25,2024-06-22,8,Poor occur true.
199,23,462.15,2025-05-12,3,East operation opportunity road project.
200,81,184.75,2025-03-22,2,Pressure performance mission tonight effort quickly play.
201,9,229.42,2025-06-06,3,Technology staff democratic check answer.
202,77,44.53,2025-03-20,4,Edge likely remember federal magazine necessary.
203,89,109.05,2025-06-13,6,Parent land respond leg.
204,8,293.13,2024-11-23,9,City need bill table provide foot.
205,16,161.87,2025-06-06,2,Kitchen option adult save.
206,69,479.65,2024-08-13,4,Something involve seat describe indeed very range.
207,31,220.15,2024-07-11,7,Nothing very but gun respond week world production.
208,63,353.59,2025-03-10,3,Sort turn deal.
209,50,434.79,2025-02-11,1,Parent total new design hit large.
210,57,131.83,2025-03-24,2,Stay area discussion anything scene thank machine.
211,75,85.38,2025-04-16,9,Future talk lot tell woman.
212,25,131.46,2024-10-10,5,That just executive talk success.
213,21,36.05,2024-09-21,2,Others know page or.
214,94,450.11,2025-06-06,9,Candidate production successful.
215,81,321.8,2025-01-03,10,Pull note beyond then light middle television.
216,59,141.79,2024-09-11,1,Ask find form stock instead.
217,96,36.4,2024-12-31,2,Student individual space trip however course important.
218,37,354.99,2025-01-26,2,Close onto reduce action media him.
219,47,298.03,2025-04-29,7,Pretty husband drug same now.
220,56,451.51,2024-11-21,4,Approach scene field situation already land.
221,48,482.54,2024-12-28,6,Leave yes might again.
222,49,91.21,2025-02-06,8,Represent size always image clear eat.
223,66,118.36,2025-05-31,8,Heavy firm land begin issue indeed art under.
224,41,370.21,2025-06-01,2,Girl particular around tell.
225,91,69.31,2024-09-09,2,Suddenly catch raise raise.
226,38,139.65,2025-01-20,1,Sign sit always.
227,31,170.01,2024-09-22,7,Bank sign since strong kind edge lot.
228,60,286.88,2025-05-03,9,High sound memory might care drive.
229,69,8.42,2024-08-28,6,Majority game address event beyond find must.
230,71,442.35,2025-05-11,7,Mother beat discuss eight few.
231,80,351.16,2025-03-08,8,Manager several technology.
232,5,340.61,2024-08-23,7,History anything among perhaps improve agent finally major.
233,51,260.94,2025-05-04,8,Address official ahead only continue system.
234,98,172.54,2024-10-21,6,Large together its budget check must what.
235,97,320.42,2024-08-18,4,Production serve field low oil fear rate.
236,37,468.03,2025-01-03,7,Successful skin agency moment.
237,23,306.42,2025-04-16,7,Congress operation worker.
238,53,29.92,2024-11-04,1,Entire although rest.
239,73,381.55,2024-09-02,4,Article sound professor same type my start.
240,88,142.93,2025-03-03,1,Prove seek house pay.
241,81,428.22,2025-01-19,10,Consumer hand she sit hour into.
242,72,486.04,2024-09-12,8,Piece quality series day student suddenly where.
243,89,388.99,2024-09-16,4,Responsibility thousand where black.
244,23,204.96,2025-05-07,4,Policy involve human you feel ever risk.
245,30,166.05,2024-08-01,10,During accept day give argue machine.
246,3,324.6,2025-05-09,4,Seat collection challenge break factor.
247,17,152.25,2024-06-23,7,Remain let admit specific popular.
248,21,493.46,2024-07-13,4,Push market local student think either field.
249,95,373.2,2024-11-10,10,Degree woman majority focus investment image become.
250,40,369.21,2024-10-19,8,Tax sport listen someone discussion decade market.
251,79,272.42,2025-01-07,10,Environmental those you act laugh.
252,95,362.93,2024-10-26,7,Customer person meet help brother respond.
253,38,29.26,2025-01-04,3,Modern near economic inside force.
254,63,15.28,2024-11-08,1,Many between discuss inside truth usually four.
255,70,283.38,2025-05-12,2,Like read season seat there fill.
256,65,289.87,2025-01-09,9,Institution goal threat want do charge.
257,76,225.66,2025-05-27,1,Rest industry stay live health feeling center.
258,25,121.92,2025-02-23,1,Among customer seven serve into she.
259,20,309.99,2025-02-07,9,Option study tough white administration little.
260,59,397.36,2024-09-18,10,Ever rather ability well increase sit degree.
261,51,98.72,2025-04-25,8,Animal represent board impact.
262,46,457.37,2024-08-11,10,Case control box series need pass growth.
263,23,314.12,2025-06-18,9,Middle drug fact.
264,98,242.1,2024-10-23,9,Enjoy inside south visit.
265,62,499.51,2024-09-26,6,Pay window unit son majority.
266,22,240.73,2025-06-06,7,Ahead sea for power player.
267,34,282.41,2024-09-09,3,Very attention see night commercial check pretty.
268,2,58.06,2024-07-20,3,Discover nice certain end possible every side risk.
269,70,305.13,2024-11-20,6,Child enjoy I pay per point police behavior.
270,26,406.86,2024-07-21,2,Poor son art hotel his pick.
271,8,26.18,2024-10-13,1,Increase sing themselves act democratic exist dog.
272,72,6.26,2025-04-23,5,Purpose wish machine century pretty matter again.
273,12,190.36,2025-04-02,5,Environment mission quickly increase student cell.
274,57,491.79,2024-08-05,3,Science product cost instead matter.
275,8,357.64,2025-04-17,1,Early society executive though study approach.
276,46,232.83,2025-05-10,3,Although together trip record through TV direction.
277,10,111.51,2025-01-09,2,Strategy look leader page.
278,91,372.03,2024-11-20,7,Who close per manager.
279,98,41.67,2024-10-19,3,Stuff identify chance middle.
280,86,62.64,2024-07-10,4,Speak society design real.
281,83,119.54,2025-05-29,2,Develop trip industry ready agent dark laugh.
282,100,449.4,2025-05-24,10,Machine party certain likely choice man.
283,52,171.37,2025-05-27,1,Together feel including reveal heart.
284,43,418.55,2024-08-16,8,Concern cost fine ground.
285,6,342.8,2024-08-02,5,Similar across beautiful article.
286,78,75.79,2024-06-26,5,Wide shake century teach southern.
287,57,282.1,2025-03-01,9,Hope choice discussion keep space new.
288,8,27.96,2024-07-09,6,For easy third matter.
289,43,384.45,2024-06-25,1,Year remember perform.
290,14,16.71,2024-12-19,8,Body attack win agency religious floor.
291,17,389.31,2024-11-12,2,Return defense for court type range during should.
292,25,461.33,2024-12-07,2,Wish morning value affect describe back.
293,39,309.13,2025-05-10,4,Usually test able fire else.
294,61,331.5,2024-12-10,4,According shake collection music.
295,73,115.66,2024-06-25,10,Race member daughter drop.
296,96,382.72,2024-08-30,7,Other decide less move actually big down.
297,79,79.1,2024-11-17,8,Already say where political senior appear newspaper.
298,61,287.67,2025-02-11,5,Teacher another many yet race many.
299,64,173.43,2025-03-23,5,Them personal long ago onto measure political.
300,74,403.41,2024-10-09,5,Central the carry article tree foot any seem.
301,33,214.7,2025-05-30,7,Enjoy game visit.
302,7,70.15,2024-11-28,4,Girl drop white.
303,44,232.11,2024-09-02,4,With onto would maybe peace.
304,30,272.55,2025-05-09,10,Property investment kid situation.
305,93,418.35,2024-07-23,5,Why significant whatever however very challenge.
306,5,309.8,2024-12-19,9,Special require price bill method some.
307,30,322.77,2024-11-12,7,Avoid like also wall quality war.
308,14,440.41,2024-08-22,9,Turn someone prepare beautiful about blood live.
309,56,38.2,2024-10-03,2,Too condition two while.
310,40,362.14,2025-01-26,4,Next whom agent magazine need.
311,3,350.53,2024-09-05,7,Use difficult beyond quickly picture.
312,19,499.05,2024-06-25,3,Nor accept daughter score address region special.
313,73,486.03,2024-07-02,5,Free still as policy type throw.
314,87,482.11,2025-06-06,7,Term get and matter one.
315,78,185.68,2025-04-18,4,Computer road everything certain already.
316,27,468.87,2025-06-20,3,Finally offer guess candidate agree.
317,45,433.09,2024-09-02,8,Stage outside continue simply account budget top structure.
318,99,196.45,2025-02-05,4,Wait several white answer different cost.
319,27,370.38,2025-05-20,8,Within human approach heart.
320,20,368.98,2024-07-08,10,Weight focus reduce.
321,93,331.02,2024-09-26,5,World talk imagine to bag so writer result.
322,25,497.32,2025-06-02,7,Between standard let.
323,58,310.92,2025-05-15,1,Bag such building down some seat.
324,88,111.04,2025-05-24,7,Important member order foreign place education.
325,5,241.59,2024-08-17,2,Hotel though realize deep generation program.
326,98,293.54,2025-03-19,8,Piece art later vote each position.
327,80,350.1,2024-11-06,9,Full huge glass since quite such.
328,82,283.96,2024-09-19,2,Bad feel authority bit specific east manage.
329,73,352.84,2024-10-01,5,Force war follow reason.
330,60,304.15,2024-08-09,9,Produce worker style sea edge.
331,81,365.37,2024-10-01,6,Several know discover animal she this.
332,89,362.81,2024-08-06,4,Everyone think then without tell.
333,66,197.32,2024-10-03,4,Arm cause argue themselves plan.
334,58,184.3,2025-03-11,5,Goal painting with how inside.
335,43,394.02,2025-01-11,2,Situation goal key magazine memory.
336,80,283.07,2024-08-06,10,Attorney oil stock plant.
337,79,386.72,2025-04-27,8,Pay paper southern analysis choose affect at.
338,64,95.88,2024-10-15,9,Lawyer skin statement need institution approach decide quite.
339,19,23.32,2025-05-24,6,Too time question young image hear.
340,79,382.47,2024-11-07,1,Less feel economy follow.
341,18,331.1,2024-09-21,10,Economy see network tonight relate its.
342,11,296.47,2024-08-03,2,Hand hair democratic wife keep prevent.
343,22,344.08,2025-01-22,2,Recent dark need throw nation decision southern.
344,48,473.15,2025-04-06,3,Rise right fast rest summer within allow.
345,63,417.68,2024-07-16,8,First huge any morning reality financial.
346,38,222.75,2024-11-16,2,Special get age sport alone stock reduce.
347,56,302.66,2024-07-11,8,Day rate fear little.
348,34,417.98,2024-10-25,2,Figure year step something do smile.
349,66,360.77,2024-07-29,8,Care how half give large enjoy conference.
350,87,57.94,2025-03-26,5,Body focus career she small.
351,15,68.97,2024-09-03,1,Whatever bank decision purpose modern agreement.
352,32,189.58,2024-09-06,7,Meeting light debate air worry above cell.
353,84,200.65,2025-04-24,3,Capital light let court environment station.
354,13,206.09,2025-04-30,5,Trouble national consumer direction individual they.
355,32,302.32,2024-09-25,1,Sister stock through.
356,41,461.06,2024-07-22,2,Camera attorney positive understand seem cultural body.
357,74,59.15,2025-03-24,4,Everything third around when respond.
358,65,41.42,2025-01-29,9,Area us person final act tree.
359,60,23.77,2025-03-09,6,Middle old feeling impact.
360,73,225.71,2024-07-19,1,Size off before population.
361,91,299.38,2024-11-22,3,Individual at to themselves plant.
362,76,120.58,2024-07-20,7,Size wind stop.
363,21,438.6,2024-06-25,7,Money near receive region beyond.
364,100,102.03,2024-08-22,9,Wish enjoy success strong news career.
365,57,121.27,2025-06-05,3,Indeed hand soon military.
366,4,331.11,2024-10-18,5,Follow show or very go Congress make compare.
367,24,251.2,2025-04-18,6,Will assume follow believe activity.
368,39,232.36,2025-01-27,10,Money case world either.
369,39,364.39,2025-03-22,5,The Mrs like.
370,26,373.06,2024-11-13,4,Rest without serve side within.
371,44,87.03,2025-03-17,10,It walk or you now truth section.
372,53,407.52,2024-08-14,4,Cut find author size because article international.
373,18,400.71,2024-06-25,2,Hold the nation safe.
374,6,222.89,2025-05-11,3,Trouble candidate however radio base.
375,32,197.36,2025-03-28,1,Company accept difficult prove model quality staff.
376,61,344.44,2024-09-22,10,Child activity less exactly performance answer agent trouble.
377,8,259.07,2024-11-04,8,Truth market guy pretty different choice individual.
378,57,322.13,2025-06-03,10,Look at phone exist develop marriage.
379,21,365.84,2025-03-27,6,National sometimes response describe various east.
380,5,230.66,2024-10-29,1,Recent scene behind herself movement nice fund.
381,33,174.6,2025-02-13,2,Would if likely will draw.
382,16,64.9,2025-02-22,1,Parent audience worry over about drug next.
383,75,250.65,2024-12-13,4,Skin your sell country always.
384,6,174.61,2024-10-05,5,Yet mouth by live teacher country nice draw.
385,90,304.43,2025-05-17,4,Happy police current beyond.
386,92,249.54,2025-05-25,10,Share field student.
387,37,377.04,2025-03-27,1,Try property control special TV board success.
388,34,229.93,2024-10-27,6,Report house others though.
389,44,332.32,2024-07-16,9,Reflect north special within church color.
390,27,232.33,2025-06-02,3,Feel send good up someone establish security.
391,80,13.23,2025-01-05,2,Lose here everything already far suffer draw.
392,11,198.51,2025-03-25,2,Sort or store they.
393,3,481.71,2024-07-28,2,Consider itself window community along.
394,80,193.11,2024-11-18,6,Relationship entire husband in.
395,9,44.53,2025-02-15,5,Happy couple fish success civil along never.
396,46,112.49,2024-07-05,7,Join action another big box country meet.
397,56,374.35,2024-07-08,9,Miss wrong any something account test eight.
398,1,397.21,2024-12-21,7,Remember ability field south executive.
399,67,121.86,2024-11-06,10,Scene for always talk when current apply network.
400,45,327.82,2025-06-12,6,Budget any everyone.
401,31,368.66,2025-06-16,2,Scene movie why.
402,84,227.3,2024-06-24,4,Book sport store material power establish collection.
403,94,360.39,2025-03-18,5,Discover bed begin name.
404,83,79.18,2024-07-19,10,Feel fine thing new cultural race.
405,11,149.21,2024-11-13,6,Baby party power song.
406,27,331.11,2024-10-20,8,Might remember share member item.
407,12,239.11,2024-09-28,4,West person floor trouble media about.
408,83,267.96,2024-08-12,1,Lot factor enough material others public.
409,44,440.38,2024-09-30,9,Live with perhaps similar hold else authority.
410,55,304.15,2024-11-18,1,Single speak our country involve begin real whole.
411,40,126.49,2024-07-27,9,Spend surface most artist degree fish.
412,46,183.05,2025-03-19,4,Represent their level share everybody above to.
413,72,445.19,2025-01-17,7,Radio others example care central family ago.
414,52,137.37,2025-01-31,2,Officer growth budget.
415,19,454.64,2024-08-27,6,Staff pull dinner these start speech.
416,50,490.99,2024-07-10,2,Quality line country speech so eye.
417,7,445.66,2025-01-09,6,Very perform I then training number argue.
418,75,137.16,2025-03-10,7,How voice like store.
419,16,110.13,2024-10-07,8,Rock put stage stop he.
420,85,477.84,2024-10-12,5,Network nice specific teach.
421,100,335.38,2024-09-26,5,Prove certain how letter claim.
422,21,164.38,2025-04-01,3,First western break type long thought like role.
423,91,268.26,2024-09-15,10,Appear truth attack sing.
424,99,185.83,2024-09-28,7,Score peace front character difference only.
425,14,265.0,2025-03-18,8,Film accept one where garden.
426,20,70.64,2024-12-29,4,He future popular face woman happen safe.
427,42,494.89,2025-04-26,5,Happen compare line simply.
428,54,156.5,2025-04-03,2,Exist be buy whose seem.
429,8,269.24,2025-02-12,10,Positive price culture class commercial nothing.
430,96,250.05,2024-09-01,6,Contain color player continue political project at choice.
431,63,240.28,2025-01-22,5,Deal name civil of simple.
432,34,192.32,2025-03-16,9,Light most military professor.
433,68,41.62,2024-07-23,9,Pm detail sing author.
434,95,303.79,2024-11-18,5,Citizen price shake past explain.
435,47,53.88,2025-04-19,1,Staff miss space line.
436,2,211.42,2025-06-02,6,People relate just what.
437,13,229.43,2025-06-14,6,Court possible until.
438,20,489.15,2024-12-28,10,Few box before manage season common section.
439,70,29.31,2024-08-27,9,Many address child could.
440,5,62.26,2024-08-30,5,Stand benefit to gas contain religious.
441,76,291.87,2024-10-19,10,Community still democratic do.
442,7,305.42,2025-05-27,3,Condition meet on.
443,8,314.86,2025-04-28,4,Democratic worker little argue mention go.
444,71,473.81,2024-12-14,4,True third each society.
445,11,169.29,2024-08-01,8,Billion author style PM drop since risk writer.
446,74,65.69,2024-08-23,7,Collection their point choose add teach.
447,1,266.17,2025-02-04,8,Economy house despite by eight.
448,56,482.03,2024-09-19,5,Too national worry left stage soldier.
449,8,15.28,2024-07-25,4,Whatever order sense soldier win lay thank.
450,33,461.4,2025-01-23,6,Skill action its data day culture.
451,98,340.58,2025-02-07,5,Box rock store radio.
452,44,362.39,2025-03-17,4,Organization sure prevent remain store where allow box.
453,92,319.26,2025-03-29,8,Believe help attorney no some meeting draw.
454,100,439.48,2025-03-21,3,Final response lay physical culture.
455,90,242.8,2024-12-04,7,Executive health material own.
456,42,464.97,2024-08-11,4,For not might pass notice talk middle.
457,64,412.78,2025-01-30,2,Summer radio and sing.
458,30,239.04,2024-12-09,1,Despite air physical five improve factor church herself.
459,75,194.34,2024-10-23,9,Thing majority piece buy generation.
460,92,257.54,2024-07-26,7,Third alone radio exactly.
461,37,263.85,2025-04-12,5,Lawyer hit wish physical serious finally.
462,32,420.5,2025-06-06,10,Foot continue kid soldier move.
463,55,142.01,2024-08-05,1,Describe anyone discussion store evidence fund consider.
464,9,261.38,2025-05-08,7,Risk paper generation street.
465,78,248.86,2025-05-15,2,Say training cup.
466,23,398.8,2025-03-26,10,Draw several possible still argue probably.
467,55,241.04,2025-02-05,4,Decade close game stay hour.
468,96,423.84,2025-06-15,3,Product traditional month writer politics me lay page.
469,14,438.03,2024-11-26,5,Heavy owner yes pattern include prevent thing.
470,48,408.04,2025-02-06,9,Agency later current top.
471,7,183.78,2024-10-26,2,Light season your vote weight central.
472,23,105.16,2025-01-28,6,Yet image break.
473,13,404.1,2025-01-04,8,Specific early rest than.
474,98,175.52,2024-12-12,2,Somebody hope subject opportunity.
475,80,18.49,2024-12-24,9,Chair impact ago air clear finally.
476,89,387.85,2025-03-13,1,Share truth six around our now.
477,27,53.23,2024-09-14,7,Way environment attorney over side within go adult.
478,45,317.56,2025-04-15,2,Perform whom red bar personal prevent.
479,33,239.96,2025-04-27,4,Listen travel in six hit page system.
480,16,186.44,2024-12-08,2,Ever upon hard economic.
481,12,272.79,2024-08-12,6,I available fly brother well century.
482,15,159.48,2024-08-20,9,Wear tend difficult beyond simply tax.
483,59,159.05,2024-09-24,6,Behind low represent who edge.
484,29,15.7,2024-08-09,5,Indeed unit employee consider partner.
485,28,178.33,2024-12-21,8,Head analysis lay together rather.
486,90,38.45,2025-03-03,3,Off TV least author book entire rich.
487,52,137.03,2024-09-27,7,Hear lay three bill practice loss response almost.
488,20,94.03,2025-02-07,1,Wish main girl bad.
489,43,202.39,2025-03-18,4,Affect moment inside fast relate store between.
490,3,496.46,2025-02-24,10,Instead film discuss music radio ok play.
491,78,130.29,2024-07-01,2,Eat apply billion.
492,93,7.59,2024-07-19,1,Edge check hour best ability food business program.
493,91,142.76,2025-04-27,1,Kitchen everybody system always event tonight let.
494,46,351.0,2024-12-05,6,Clearly water week there.
495,82,194.43,2025-01-06,6,Meeting produce beat standard care commercial.
496,12,74.1,2024-11-11,10,Player cold good long ready front.
497,29,387.69,2024-11-04,7,Son kitchen environment.
498,61,379.57,2024-09-12,3,Kind land coach.
499,34,434.55,2025-05-03,2,Difficult born decide including pretty.
500,34,326.78,2024-12-17,3,At data occur know talk treat cold.
501,43,192.3,2025-01-22,2,Development language box large glass rather manager.
502,8,57.24,2025-03-08,9,Scene big chance character machine.
503,57,305.4,2025-06-14,4,Middle interesting in program chance to thing.
504,55,309.16,2024-10-21,1,Lay bad ahead sell likely.
505,11,164.76,2024-07-31,6,Campaign road board game improve.
506,4,239.05,2025-01-29,10,Project manager mouth sort here experience role face.
507,6,114.19,2024-08-08,4,Market shake daughter old them TV threat.
508,63,186.99,2024-12-20,9,Measure force happen market.
509,44,190.69,2024-12-07,6,Kind during party million fact.
510,31,115.34,2025-04-04,5,Learn itself picture statement pattern civil gas.
511,20,495.38,2024-09-27,5,Garden manage stay box long dinner institution bad.
512,83,481.83,2025-02-19,7,Run name indicate lot base TV gun.
513,45,397.96,2024-07-31,5,Phone executive analysis trade provide.
514,13,125.22,2024-11-03,8,Live life scientist defense.
515,15,72.06,2025-03-06,8,Easy offer others still music.
516,46,207.29,2024-07-29,7,Town tree station possible.
517,71,447.35,2024-12-26,2,Know much perhaps.
518,76,162.91,2024-10-24,7,Yes sign cause cost start only.
519,22,54.35,2025-06-06,10,Its rate rate east.
520,89,84.39,2024-08-14,2,Here month size woman think.
521,3,179.75,2025-04-03,3,Easy get tend order second.
522,10,106.1,2024-09-22,4,Main theory area development various cause.
523,82,393.96,2025-02-17,7,Company listen consider official there position market recent.
524,92,46.72,2024-10-15,3,Run who determine father mention girl music.
525,37,9.42,2025-04-20,1,News theory color represent.
526,94,212.32,2024-07-27,9,Watch forward lot purpose new prepare debate.
527,10,389.41,2025-01-17,7,Executive difference paper too.
528,12,261.03,2025-02-04,10,Per whose especially act room dream skill movement.
529,28,313.48,2025-02-06,10,Behind war small price what enjoy moment.
530,80,71.04,2025-02-20,1,Time wall ready fill example everyone.
531,94,160.18,2025-01-03,3,Deal computer receive hold small notice end.
532,68,387.59,2024-09-13,8,Radio change factor down.
533,4,328.1,2025-05-25,10,Girl past simple after.
534,40,435.45,2024-08-12,9,Everything clearly card together white.
535,1,139.73,2025-02-09,6,Charge car six senior.
536,25,160.56,2024-11-18,9,Name notice really great.
537,80,345.36,2025-01-12,1,Store serve throughout second little I determine need.
538,55,223.69,2025-03-15,2,Hit keep impact.
539,85,340.29,2025-04-05,5,Board represent condition same individual at affect.
540,68,100.23,2025-05-12,6,Song notice last hundred public.
541,68,431.04,2024-09-06,6,Across catch word enough week money.
542,50,325.73,2025-05-22,1,Section marriage involve whom political.
543,52,262.57,2025-01-22,6,Cut ten allow admit drug.
544,69,40.37,2025-01-31,2,Size toward huge sense station program.
545,39,422.95,2024-08-15,3,Tv power shake left.
546,95,328.21,2025-04-04,2,Next summer themselves dark dark hour.
547,41,114.83,2024-10-05,9,Wait race current artist girl as finish.
548,23,114.23,2025-04-22,8,Despite thus single ground ahead all around success.
549,68,198.9,2025-04-11,2,May field goal.
550,83,257.16,2024-12-15,9,Red within third scientist table method travel.
551,15,159.04,2024-08-24,3,Interest across front next.
552,93,378.63,2024-12-19,8,Consumer go once line attention blood response reach.
553,99,64.57,2025-02-20,3,Technology time we right very same friend.
554,83,321.64,2025-01-30,4,Study whatever sit threat.
555,63,249.68,2025-03-22,5,Field partner fund few similar worker set whose.
556,9,339.64,2025-05-30,6,Prepare when institution tonight.
557,50,326.73,2024-10-04,5,Relationship myself including seven little may.
558,98,138.34,2024-08-28,5,Change recent own training among.
559,16,42.33,2024-08-22,8,Traditional public future change bill.
560,47,325.46,2025-04-27,7,Well several among plan vote.
561,58,271.64,2024-08-13,5,Face center deal someone until remain growth.
562,88,471.93,2024-10-31,4,Whole pretty near democratic manage.
563,6,494.15,2024-07-13,3,Wall decide certain run.
564,85,372.6,2024-09-06,3,Research task two many popular grow situation this.
565,80,166.46,2025-01-28,7,Front scene quality full instead through meet.
566,68,212.21,2025-01-01,2,Fund begin world recent.
567,77,140.47,2025-01-26,2,Speak car member full poor find mission.
568,32,229.14,2025-01-05,8,Lot fill though yard direction career.
569,11,493.62,2025-04-09,2,Maybe citizen care occur oil thank since.
570,26,423.46,2025-01-28,2,Next especially major night pressure bag.
571,7,64.39,2025-04-30,7,Suddenly finish goal film strong rule not.
572,33,491.79,2024-08-21,6,These themselves stop age.
573,49,13.64,2024-10-06,9,Environment defense hear support region let point.
574,89,321.97,2025-06-01,4,Reveal situation our do door.
575,78,408.93,2024-10-01,2,Natural professional military college environment.
576,51,433.8,2025-06-05,10,Across reveal clear decade herself.
577,70,220.18,2024-08-10,4,Camera century I author.
578,27,28.13,2025-04-07,10,Gas perform do against stock.
579,70,304.03,2024-08-25,4,Toward do bit exactly.
580,29,153.57,2025-04-01,4,Miss create house single.
581,18,247.01,2025-06-21,1,Blue once last activity only.
582,56,431.55,2024-08-10,10,Mention network spring let radio stuff that table.
583,23,226.28,2025-02-26,4,Remember other do war.
584,15,459.47,2024-12-27,7,Free floor power newspaper top threat.
585,80,256.17,2025-03-30,8,Another through chair laugh business she similar.
586,9,276.87,2024-09-17,5,Day theory seek statement leg some positive contain.
587,17,134.74,2024-11-26,9,Night several number figure way may check.
588,57,413.41,2025-03-20,10,Very view simply activity easy.
589,71,489.01,2025-06-11,10,Budget probably buy huge.
590,66,479.16,2025-01-17,6,Both move serve choose what.
591,94,76.64,2025-04-27,1,Wait them rest sing well.
592,41,250.48,2025-05-05,5,So cultural fine suddenly.
593,54,167.96,2024-07-14,3,Return either weight level rise near.
594,19,90.37,2025-01-08,5,Focus yes over first leader social.
595,77,486.77,2024-07-04,7,My meet end fire less run.
596,16,288.7,2024-06-30,4,Tough serve word sometimes company down like.
597,55,37.55,2024-10-30,1,Nor without fish attention so.
598,38,72.11,2025-01-10,7,Turn design itself next when ago none.
599,61,288.16,2025-06-07,10,I management capital space.
600,7,377.59,2024-10-03,7,Than can arm right anyone expert.
601,63,103.03,2024-07-26,1,Audience money war serve fall.
602,40,431.29,2024-10-26,4,Raise part end instead modern yes bar.
603,88,155.91,2025-06-13,1,Like consumer east though religious family loss.
604,31,109.89,2025-05-10,8,Character reduce color grow.
605,79,394.57,2024-07-12,10,Wish adult American partner later.
606,86,402.39,2024-06-21,3,Term someone job story attention section treatment.
607,75,428.48,2025-04-19,10,Shoulder because evening figure air enter.
608,59,163.3,2024-12-30,4,Should perform whom pay forget turn.
609,94,402.84,2024-08-11,8,Arrive mean five between why make.
610,54,456.86,2024-11-13,6,Gas commercial art run statement trip.
611,99,471.44,2025-02-15,3,Eye article type yard face.
612,34,399.47,2024-07-24,9,Western card believe letter this.
613,29,185.51,2024-06-25,4,Financial list fight notice where figure toward side.
614,67,236.27,2024-08-02,5,Improve mention quite hold.
615,87,285.95,2024-10-11,2,Article arm we notice while production face.
616,26,238.77,2024-08-12,9,Laugh same factor travel.
617,23,298.55,2024-08-28,10,Create support carry her.
618,72,190.85,2025-04-23,2,Between wish organization respond without argue federal.
619,1,128.6,2024-09-16,7,Moment when this.
620,1,59.95,2025-02-01,3,Attention family hand house adult.
621,65,58.73,2025-04-30,8,But discover force.
622,32,74.68,2025-04-29,2,Concern car international.
623,90,250.89,2024-09-29,7,Chair itself store find college owner follow list.
624,45,99.61,2025-02-04,6,Play room onto office relate season.
625,79,262.8,2025-06-19,4,Beyond dark news like majority.
626,32,27.12,2024-07-26,10,Later anything firm new use.
627,51,169.42,2025-01-25,10,Man nor perform green town conference hand.
628,85,267.2,2024-09-16,10,Group table participant full seven dream yourself.
629,18,19.73,2025-01-21,7,Partner night choose task of assume message free.
630,17,35.39,2024-10-25,2,Answer health some.
631,2,271.25,2024-07-29,9,Record decide put usually.
632,64,12.49,2025-03-24,8,Throughout admit quickly someone.
633,81,381.21,2025-03-07,10,Simple lot police join positive management natural.
634,34,497.82,2024-12-22,3,Modern away issue sell claim rule.
635,37,169.49,2025-04-04,5,Cultural decide analysis reflect military their week.
636,80,494.15,2025-04-01,3,Yeah mouth east throughout.
637,58,328.58,2024-07-16,2,Watch participant bill huge you exactly effort sign.
638,7,102.37,2024-12-29,3,Within religious well try nation.
639,89,244.91,2025-02-09,3,Contain describe break state ok.
640,33,37.69,2025-01-19,4,Population ahead bill environment idea area.
641,22,48.1,2024-10-19,5,Study piece natural.
642,37,416.34,2025-01-12,2,Anything last policy single strategy old toward.
643,7,270.59,2024-09-23,9,Toward pick card appear.
644,33,459.18,2025-05-30,7,Finally future civil white.
645,75,289.65,2025-05-24,10,Would admit talk position.
646,89,262.9,2024-08-16,7,Crime should product crime party election.
647,83,108.35,2024-09-24,4,Fish value fill prevent.
648,60,174.15,2024-08-01,4,If Mrs meet people owner money team.
649,58,45.82,2025-05-22,2,Themselves that out high.
650,93,81.7,2025-02-10,6,Board for law energy.
651,14,291.0,2024-07-08,9,Break be administration also fast.
652,88,345.01,2024-08-29,10,Still lot board player event question.
653,43,255.95,2024-08-26,10,Smile of increase mind about.
654,47,381.27,2025-02-27,5,Physical manage method treatment simple.
655,37,13.53,2025-04-10,5,If according professor happy total walk.
656,54,479.56,2025-01-29,7,Degree forward force couple exist but image.
657,19,48.31,2025-05-15,6,Year enjoy attack hospital nature include.
658,86,27.17,2025-04-13,6,My stock top official if personal.
659,5,236.17,2024-11-15,3,Pass memory mean final resource.
660,15,282.69,2024-07-27,7,Far stop through.
661,45,19.12,2025-03-19,1,Worry often feel despite cause discussion relationship quickly.
662,59,378.76,2025-03-14,2,Employee wall father always.
663,38,385.49,2024-08-10,9,Several practice store television listen add open.
664,5,296.02,2025-01-13,7,Hold always science.
665,79,254.62,2025-01-13,1,Drive agree add.
666,68,249.02,2025-04-01,10,Image left find line.
667,89,378.23,2024-08-06,5,Every cover organization son investment rock model.
668,68,70.85,2024-11-07,3,Particularly see example responsibility expect.
669,14,269.62,2025-05-19,8,One yard scene.
670,17,426.97,2024-11-06,4,Drive Democrat different night.
671,3,411.48,2024-07-03,9,Class structure specific black require.
672,13,207.53,2025-01-16,1,Wall find marriage business.
673,5,421.22,2025-03-18,3,No decide century turn receive form them.
674,13,172.18,2024-12-29,1,Four so account view.
675,33,227.04,2025-02-07,6,Role from article present recently hour.
676,44,21.09,2024-11-26,5,Early fund wish among military baby back.
677,48,383.31,2024-12-05,9,Matter admit baby rather.
678,23,191.17,2024-08-30,8,Above production after feel.
679,43,409.74,2024-08-23,8,Image carry six risk glass ten explain he.
680,75,422.2,2024-07-10,9,Amount throw form of.
681,22,334.42,2025-05-04,5,Type peace tell at.
682,22,64.24,2024-10-05,4,Member model whether art.
683,66,273.71,2025-06-04,7,Local huge onto possible until hotel.
684,56,95.81,2024-09-10,7,Meet second network.
685,77,103.06,2024-07-21,1,Reason nation teach research.
686,99,303.99,2024-12-25,8,Environment real allow local cut than pay just.
687,19,68.14,2024-10-18,10,Home happy energy entire alone.
688,62,39.69,2024-06-25,5,Happen matter somebody top tree special.
689,37,479.51,2025-02-24,4,Them risk just fact very open.
690,57,359.0,2024-07-24,9,Improve place consumer three.
691,90,79.28,2024-11-13,4,Once attack specific save parent already anything.
692,21,73.32,2025-01-18,2,Language direction less although.
693,20,173.23,2025-05-23,4,Finally force section.
694,81,425.77,2024-07-30,4,Base buy spend thought by resource ability.
695,13,211.25,2024-06-30,2,Mother lay performance behind hard sing once.
696,6,76.05,2024-08-18,10,Voice find win control family.
697,67,268.75,2024-08-20,1,Write ahead stuff car.
698,70,54.06,2025-06-09,10,Level charge government year argue specific rock.
699,75,454.94,2025-05-27,3,Consider factor a become shake.
700,6,190.52,2024-07-27,8,How Democrat son suffer road.
701,97,201.39,2025-06-12,10,Tonight box we thank language.
702,77,305.1,2025-01-30,5,Late way top purpose easy manage.
703,90,170.61,2024-11-19,9,What cold performance good factor difficult poor.
704,88,193.17,2025-03-19,9,Animal media peace price.
705,34,251.53,2025-03-01,6,Building that decide rich participant myself not.
706,96,359.18,2024-09-24,10,Control specific huge drop others camera large.
707,42,379.85,2024-11-18,9,Along worker energy community stop.
708,35,210.92,2024-08-28,10,Particularly two available.
709,100,358.39,2025-04-16,2,Scene hospital laugh heavy but.
710,64,348.09,2025-05-14,5,It finish create talk somebody wish organization.
711,35,331.86,2024-09-11,1,Challenge travel strategy including.
712,30,226.98,2024-10-06,5,Heavy nothing move leg brother.
713,48,61.91,2025-03-10,2,Boy site religious meeting.
714,95,48.73,2025-05-27,2,Energy them customer clearly be.
715,92,146.55,2025-01-01,2,Surface order partner great.
716,32,225.29,2025-05-01,8,Effort trouble social accept.
717,24,371.12,2025-05-16,10,Perhaps hope surface yard.
718,39,219.33,2024-12-09,3,Number computer detail when exist vote.
719,1,222.57,2024-09-14,8,Third deep make follow PM school environmental.
720,1,325.78,2024-12-02,5,Education painting social question everybody.
721,4,304.65,2025-05-14,4,Place spring left American budget.
722,21,439.37,2024-10-29,10,Shoulder manager likely.
723,52,415.97,2024-09-01,6,Become serious language let site yard prevent.
724,19,93.68,2024-07-29,2,Perhaps why service.
725,65,248.06,2024-08-28,2,Management Republican agency when let even suddenly.
726,47,199.34,2024-11-20,8,Be throughout son local third.
727,48,125.38,2025-06-11,2,Bag value gun hundred money compare within.
728,93,236.08,2024-11-07,9,Begin make ability cell protect.
729,23,406.74,2025-06-08,6,Investment increase news song.
730,79,121.31,2025-04-01,9,Drop answer prove either.
731,55,22.32,2024-09-01,8,International trade sell.
732,21,45.86,2025-02-24,2,Simple stage rate sure enter soldier moment.
733,63,209.81,2025-01-02,7,Century recently seek radio.
734,2,308.46,2024-12-05,2,Teach new big management.
735,20,140.79,2024-10-24,8,Fish remember whose sure section ground participant night.
736,54,158.21,2024-10-02,8,Issue event allow no method.
737,5,468.28,2024-11-20,1,Record share cost dark both.
738,20,480.44,2025-01-14,9,Rate happen bad old population pick.
739,40,264.5,2025-02-10,8,Short instead fill.
740,58,371.92,2025-03-20,8,Baby future item central ever while long.
741,63,36.18,2024-10-19,10,Partner can lot without agent tax group student.
742,59,308.77,2024-12-04,10,Set least build official create southern sense.
743,34,343.74,2025-04-30,2,Conference out firm white history past once we.
744,69,133.0,2024-07-20,7,Station save free front describe positive.
745,45,245.14,2024-12-01,5,Defense with green receive.
746,35,384.67,2024-07-03,2,Bed finish finally entire way well.
747,57,430.52,2025-04-05,9,Real main stage big use arrive.
748,56,324.35,2024-08-17,1,Soldier grow mean few play environmental such available.
749,49,48.9,2025-02-04,7,Myself school individual discover involve budget Mr.
750,3,365.78,2025-02-04,8,Lay under Democrat.
751,5,450.8,2025-04-19,7,Structure sound if begin model.
752,57,317.04,2024-07-06,8,Item everybody threat accept.
753,6,117.78,2024-09-05,7,Truth when evidence wear feeling.
754,8,254.59,2024-10-20,8,Out firm clear hard different.
755,22,138.66,2024-09-14,5,Social standard pattern.
756,93,151.79,2024-11-16,10,Role hour their chance.
757,21,123.97,2025-03-03,9,Serious hundred lot statement.
758,15,88.27,2024-09-09,1,Ever interview agree.
759,46,175.74,2025-05-28,5,Open party international often pick by case.
760,89,84.5,2025-05-25,7,Worker it wrong whose letter.
761,9,148.61,2024-12-14,3,Along several pass tree customer.
762,40,40.42,2025-04-29,10,Environment prevent air himself play piece child determine.
763,98,188.9,2024-09-08,4,Church stay must check fill subject.
764,60,31.08,2024-11-28,4,Tend wrong decide.
765,88,353.69,2024-12-25,2,In stay quickly inside represent entire.
766,63,314.94,2024-10-30,1,Serious to Congress product.
767,39,432.91,2024-12-17,9,Position raise per song stop vote ability.
768,43,40.61,2024-07-05,9,I whatever management bag say fact arm hear.
769,30,372.7,2025-05-02,3,Agree central understand knowledge friend word.
770,49,462.71,2024-08-14,1,Law piece fast laugh available wear.
771,100,90.09,2025-02-05,9,About owner program ground both president realize.
772,72,100.65,2025-06-03,1,Which especially traditional doctor mother where drug meet.
773,36,180.73,2025-06-20,8,Book lot audience number serve.
774,55,47.5,2024-09-14,1,Number leg kitchen material by significant itself.
775,69,249.04,2025-05-12,7,And reason street power cause.
776,25,25.61,2025-03-12,9,At ever course activity no central authority piece.
777,12,263.34,2024-10-09,4,Purpose feel market concern.
778,13,482.95,2024-12-09,4,Sometimes go society food fine consumer.
779,3,398.83,2024-11-08,7,Century let ahead arm could financial or.
780,74,207.85,2025-04-09,5,Hair risk respond answer I.
781,74,257.54,2024-09-19,4,Office arm early such three.
782,39,379.3,2024-11-19,10,Over cold government fast job.
783,10,498.92,2025-05-01,7,The step friend mother.
784,17,289.81,2024-09-10,1,Bank image suddenly southern.
785,97,312.49,2025-03-25,2,Information thank nature voice should.
786,40,39.79,2024-12-28,1,Order check whole.
787,66,260.13,2025-04-21,9,Hit protect risk each professional population prepare.
788,73,444.36,2025-01-11,9,According board around one.
789,76,444.24,2025-04-08,5,Once expect official recently cut agree.
790,52,105.76,2025-05-27,1,Name lose director important ahead news.
791,12,451.08,2025-05-23,10,Race enter relationship spring social.
792,1,162.45,2025-02-13,1,Now room look five ball trial.
793,41,334.19,2024-10-29,6,Able onto building poor relate.
794,54,306.86,2024-09-10,6,Nation term Republican affect.
795,66,310.77,2025-04-28,5,Our compare time Republican.
796,11,96.81,2025-04-07,7,Successful new gun million.
797,3,281.48,2025-02-05,9,Task close human good party social reflect.
798,69,154.2,2025-04-03,3,Can without soon argue air night.
799,41,170.86,2024-08-07,4,Theory another government despite day beyond.
800,59,480.64,2024-11-27,6,Factor party design north vote government front would.
801,8,281.89,2025-04-18,1,Edge the bed team special learn sure.
802,57,407.16,2025-05-18,5,Meet indeed always though.
803,40,195.47,2024-07-14,4,Easy director leg night couple participant.
804,79,366.89,2025-01-02,7,Garden commercial role table maybe like.
805,51,325.62,2025-01-07,9,Seven claim man record although far.
806,83,454.06,2024-07-30,10,Anything grow condition poor.
807,81,33.54,2025-04-25,10,Drug town myself fine play discussion last.
808,26,114.38,2025-03-01,5,Break any six election meeting leave.
809,42,134.15,2025-01-09,5,Finish long board interest serve.
810,33,11.65,2024-08-18,4,House right discover over art its.
811,71,98.62,2024-08-26,6,There other certain ever ahead when.
812,24,7.28,2024-10-19,7,Work success for magazine specific great.
813,33,189.52,2024-08-13,2,Mean myself skill product economy give name.
814,3,182.47,2025-03-18,3,Finally speak front down land sort level.
815,70,180.74,2025-05-16,8,Particularly detail ahead economy without send TV.
816,32,69.96,2025-03-25,1,True kind prepare build.
817,76,457.62,2025-06-18,4,Quality mouth occur know enter Democrat.
818,28,405.13,2024-12-02,7,Nor business store computer bag really position.
819,54,222.68,2024-12-05,2,Doctor charge benefit true recognize however none.
820,61,482.63,2025-01-04,4,Reduce nothing it minute reveal standard.
821,81,454.62,2025-04-14,8,Team student beyond cup offer herself police lose.
822,87,369.41,2025-01-25,4,Pick her industry yard camera which picture call.
823,52,308.03,2024-06-22,5,Bring management everyone economic.
824,76,130.34,2024-10-26,2,Toward officer child bar man door.
825,13,105.01,2024-12-14,10,Popular employee little also able.
826,41,222.63,2025-01-18,3,Style response attorney majority but partner.
827,77,435.05,2024-09-25,2,Cell kitchen newspaper phone.
828,76,83.99,2024-09-07,10,Nor else clearly form international.
829,84,435.53,2025-03-13,4,Stay order plant production himself my.
830,14,303.0,2025-02-13,7,Economic majority check smile history.
831,2,42.87,2025-05-04,9,Film enough lead that as coach.
832,95,364.01,2025-05-16,8,Race structure administration pressure late.
833,88,34.39,2024-12-12,6,Low one teacher organization effect behind third.
834,63,40.79,2024-11-20,5,Marriage begin control whom less last policy.
835,34,385.18,2024-10-21,6,Get mention main recently garden voice fear.
836,47,131.09,2025-05-19,5,Kid me while school process ten list.
837,48,93.72,2024-10-18,7,Of deal figure guess production threat him.
838,35,499.1,2025-02-04,7,Coach Congress old tree several manager with option.
839,16,480.1,2024-10-05,4,Once attorney state lay also.
840,89,195.63,2024-11-11,7,Difference side article soldier information than.
841,86,187.66,2025-02-01,9,Himself eye network argue writer court.
842,29,429.7,2024-08-08,10,Message section girl close pull.
843,48,253.83,2024-08-13,1,Pattern blood while.
844,64,160.11,2025-05-06,10,Space alone project crime participant several feel.
845,57,212.32,2025-03-02,10,Two possible avoid break add.
846,74,322.97,2024-11-19,2,Everyone buy over peace particularly party.
847,53,334.37,2025-02-15,1,Account Mrs hundred notice.
848,3,136.71,2025-02-14,2,Kitchen as care same feel risk cell.
849,78,80.33,2025-03-26,10,Ground minute radio information people how.
850,52,462.45,2025-03-29,5,Institution artist image now second.
851,83,87.02,2024-09-20,2,Natural whose boy realize benefit cut yourself white.
852,68,151.7,2025-03-28,9,Attention model today contain.
853,61,323.4,2024-07-20,2,Movement industry lot job leave.
854,2,312.49,2024-06-23,6,Nearly dark between charge measure hair.
855,19,56.98,2025-06-17,3,Learn mean next station part.
856,31,376.37,2025-01-13,10,Mean still defense along baby.
857,63,140.77,2024-09-27,2,Shake front fish hit put maintain family bit.
858,25,342.02,2024-09-18,5,Increase begin lawyer white skin with well.
859,4,456.11,2025-02-08,3,Box you herself more.
860,18,151.18,2024-08-06,6,Break arrive large nature describe police.
861,95,418.83,2025-02-11,9,Nor word page edge.
862,3,205.13,2024-09-06,1,These doctor cup.
863,35,274.17,2024-12-31,10,Enter city member.
864,48,127.98,2025-02-02,3,Wait next cause method general within.
865,7,143.08,2025-04-15,10,Relate listen nature simply religious together attention particularly.
866,2,483.23,2024-11-12,2,Party protect picture rise responsibility successful heart.
867,87,131.6,2024-09-16,1,Trial plan step teacher reveal.
868,92,306.36,2025-04-27,8,Pass land hospital myself whom box.
869,35,131.68,2024-07-21,6,College start politics they political seem health.
870,91,468.68,2025-03-21,1,Thousand church speak.
871,13,262.64,2024-10-14,10,Defense glass positive fish together tend.
872,18,247.13,2024-11-30,10,All special anyone discuss develop beautiful.
873,12,48.91,2024-12-28,1,Successful recognize last weight.
874,38,248.78,2024-08-08,9,Across three join draw a themselves anything describe.
875,79,37.76,2024-09-29,10,Morning general blue.
876,2,166.41,2024-10-18,2,Color tell response usually drop.
877,50,89.46,2025-03-25,8,Inside identify let impact may edge himself.
878,56,376.66,2024-12-05,10,Level decision election painting never white cause.
879,70,158.32,2024-12-03,4,Theory former war air could sister week.
880,81,92.29,2025-06-11,8,Still media movie value.
881,55,31.7,2025-01-16,8,Claim party family sit.
882,98,458.63,2025-01-31,8,Long factor though keep break.
883,60,53.35,2025-01-07,3,Behind agreement religious animal election data rise.
884,4,90.46,2024-06-23,2,Provide prepare explain wonder into game.
885,74,166.81,2025-01-07,8,Child apply down book though particular draw.
886,2,40.77,2025-01-06,7,Front form reflect group fact out development.
887,92,66.32,2024-10-18,3,Phone already every.
888,91,141.85,2024-10-12,9,Card citizen stuff best.
889,30,238.73,2024-07-10,4,Notice edge to stay each.
890,68,136.36,2025-06-02,8,Bar give in worker.
891,38,314.73,2024-08-09,10,Recognize reason never industry team talk conference.
892,90,271.78,2024-09-19,7,He field guess should blue enjoy that.
893,44,439.9,2025-03-12,6,Particular president deal trouble down hand.
894,25,334.25,2024-07-11,10,Same star mother home score.
895,73,437.76,2024-10-21,10,Foot network remember from cold serious best.
896,6,262.42,2024-12-21,10,Decision page force rather.
897,1,360.55,2025-05-30,1,Century marriage candidate realize do behavior cup possible.
898,23,375.19,2025-03-05,9,Difficult lay contain star situation cultural.
899,43,381.91,2024-09-25,10,Than capital imagine.
900,36,237.02,2025-04-05,4,Appear follow bring.
901,40,253.16,2025-03-14,5,Success force major stock official machine service.
902,84,98.63,2025-03-13,9,Foreign computer wife husband draw suffer doctor.
903,85,393.61,2024-11-20,4,Half scene person themselves day itself imagine per.
904,35,230.19,2024-11-20,6,Check region good theory.
905,27,165.26,2025-01-20,3,Maybe quickly enjoy available try often.
906,7,471.02,2024-09-03,2,Though doctor worker practice cold our small.
907,82,41.45,2025-04-21,3,Interest somebody he camera board gas why.
908,96,140.66,2024-12-29,5,Reflect affect later whatever.
909,54,374.94,2025-01-30,9,Might seek term seat inside.
910,17,316.2,2025-04-30,7,Offer star live.
911,59,48.58,2024-12-13,8,Visit usually first.
912,84,297.62,2024-07-04,5,Personal model develop represent offer.
913,65,36.71,2024-08-23,8,Minute kid remember put forward represent occur.
914,21,445.29,2024-07-20,6,Always knowledge alone require conference similar plan whole.
915,64,123.94,2025-05-03,3,Two heavy night suffer themselves age.
916,55,161.06,2024-06-27,3,It present agree hand image beyond.
917,33,48.42,2025-05-01,1,Every the for image.
918,93,89.74,2024-12-10,5,Tree hand lose up.
919,81,68.37,2024-09-09,5,Commercial many significant avoid or travel whether.
920,32,486.72,2025-03-23,5,List responsibility there onto without.
921,10,351.68,2024-09-18,8,Enough goal road staff effort.
922,6,108.09,2024-11-17,9,Manage memory series attack add stock cup why.
923,4,109.36,2024-09-29,7,Program treat site also mother.
924,15,313.24,2025-02-19,6,Human white become economic understand possible rise.
925,11,208.89,2024-08-05,10,Many sea attention wife move.
926,55,472.39,2025-04-10,7,Large large matter executive artist happen large.
927,70,416.11,2025-06-12,10,Responsibility take improve organization serve often people.
928,18,54.09,2025-06-19,2,Pull discuss huge picture.
929,7,243.94,2024-08-04,4,Popular discover ready movie again something.
930,64,412.28,2024-10-15,3,Live during perform performance.
931,20,220.11,2025-06-02,8,Parent keep value modern whose hospital without program.
932,49,190.3,2024-09-07,4,Community Mr break east risk his.
933,5,177.24,2025-03-06,1,Be them happen world Mrs per say.
934,80,492.21,2024-08-09,4,Husband order believe college.
935,85,493.32,2024-12-31,9,Daughter Republican art significant knowledge school.
936,34,302.87,2025-06-06,10,Side bit produce at.
937,21,452.54,2025-06-03,9,Pass ok time soldier strong brother.
938,63,234.39,2024-10-02,7,Success interview national two why car.
939,66,26.45,2024-09-15,8,Not democratic why run capital.
940,52,420.99,2025-06-10,3,Wife because street fall senior avoid start few.
941,11,444.16,2024-07-04,9,Mrs one concern.
942,93,73.51,2024-08-09,9,Study at interview sister real summer fine.
943,62,76.45,2025-03-09,10,See peace benefit exist many that.
944,85,289.93,2025-01-04,10,Peace skill last author offer win spring after.
945,21,472.54,2024-09-25,6,Daughter lawyer evidence need anything in.
946,79,119.64,2025-01-26,10,Discover heart least heavy small tend test several.
947,44,384.85,2024-09-23,1,She information administration public note fill job born.
948,98,192.54,2024-08-28,10,Pretty quality whose quite.
949,3,157.13,2024-10-05,4,Whom least financial his off improve.
950,6,141.14,2024-10-11,2,Face either security language chance cup agent.
951,28,384.65,2024-07-20,10,In bank man sing institution.
952,44,300.16,2024-09-24,2,Produce level build Mr sell head fish.
953,3,13.7,2024-11-30,7,Travel heavy institution they arm leave finish increase.
954,78,148.37,2025-02-12,9,Production it like point.
955,95,483.56,2025-04-09,1,Conference team walk themselves instead my upon.
956,81,391.7,2024-10-15,8,Hard pay weight final.
957,44,329.02,2024-09-10,1,Leg likely forward picture month conference career.
958,67,156.12,2025-05-07,10,Example answer could laugh yet.
959,66,403.53,2024-10-19,7,Offer mention answer maybe in available many.
960,23,295.65,2024-09-01,5,Respond thing hair against.
961,52,90.34,2025-01-31,2,Create whole lead exist send candidate despite.
962,72,489.02,2024-12-21,7,Science music card operation treat focus.
963,56,442.03,2025-04-29,9,Performance or simply ahead interesting million adult order.
964,81,24.81,2024-07-05,8,Professor individual admit drive in find room.
965,50,418.74,2025-05-16,2,Sense American plan within company.
966,45,92.19,2025-03-01,5,Impact key building TV chance mind.
967,87,474.57,2025-01-11,10,News team last responsibility.
968,82,65.38,2025-01-28,3,Police best agency water pattern off.
969,22,381.18,2024-09-10,2,Box theory environment student above rate.
970,96,156.4,2024-12-03,10,Four house represent color risk book politics.
971,11,165.74,2025-05-13,6,She large however we rock Democrat.
972,21,441.55,2024-09-15,5,Serve several message player real.
973,75,258.33,2025-02-25,1,Season tax standard activity huge large unit.
974,32,178.44,2024-10-15,2,Game television suffer natural feel fast respond safe.
975,71,206.13,2024-07-13,8,According wind fall paper free up high manager.
976,84,174.43,2024-07-14,7,Staff in wife TV lose bad get.
977,57,253.61,2025-02-08,10,Wear score career involve north skin.
978,4,445.15,2025-05-06,10,Wonder fight fight.
979,16,151.9,2025-03-19,2,Space firm else up.
980,31,361.61,2025-01-09,3,Until down much million service walk.
981,56,90.8,2025-03-10,8,Break result chair.
982,39,443.75,2024-08-09,3,Sort decision he off green center.
983,70,68.29,2024-09-26,6,Man point power mission site fall challenge quickly.
984,30,444.22,2024-11-27,2,Identify reveal suddenly least.
985,64,100.78,2024-08-02,5,Pay less watch carry raise grow.
986,63,153.94,2024-06-23,5,Result fine dream approach situation ready.
987,72,19.52,2025-03-05,1,Ask machine it.
988,45,323.62,2025-01-20,6,Do voice information item item coach.
989,55,32.19,2024-12-24,6,Read economic building field recognize.
990,19,400.06,2025-06-01,1,Final according type yourself for.
991,96,291.96,2025-05-13,4,Medical all crime upon claim.
992,18,444.0,2024-12-16,7,Letter budget claim camera one.
993,96,109.48,2024-06-24,8,As recognize write never sea address watch develop.
994,27,106.59,2025-06-01,9,He kind until say figure head.
995,7,385.94,2025-06-03,5,Democrat phone lawyer to.
996,71,482.06,2025-05-04,5,Question report difference every power key war Mrs.
997,51,70.09,2025-01-06,4,Huge three sign think area glass box.
998,26,219.93,2024-12-17,5,Final way worker executive really you.
999,27,371.51,2024-12-17,6,Reflect kid standard upon other improve.
1000,8,385.63,2024-11-02,6,North everyone tell modern police.
